{
  "Using Captum": [
     {
      "id": "Titanic_Basic_Interpret",
      "title": "Getting started with Captum"
    },{
      "id": "IMDB_TorchText_Interpret",
      "title": "Interpreting text models"
    },
    {
      "id": "CIFAR_TorchVision_Interpret",
      "title": "Intepreting vision with CIFAR"
    },
    {
      "id": "Resnet_TorchVision_Interpret",
      "title": "Interpreting vision with ResNet"
    },
    {
      "id": "Resnet_TorchVision_Ablation",
      "title": "Feature ablation on images with ResNet"
    },
    {
      "id": "Multimodal_VQA_Interpret",
      "title": "Interpreting multimodal models"
    },
    {
      "id": "Bert_SQUAD_Interpret",
      "title": "Interpreting question answering with BERT"
    },
    {
      "id": "House_Prices_Regression_Interpret",
      "title": "Interpreting a regression model of Boston house prices"
    },
    {
      "id": "Segmentation_Interpret",
      "title": "Interpreting semantic segmentation models"
    },
    {
      "id": "Distributed_Attribution",
      "title": "Using Captum with torch.distributed"
    },
    {
      "id": "CIFAR_TorchVision_Captum_Insights",
      "title": "Getting started with Captum Insights"
    },
    {
      "id": "Multimodal_VQA_Captum_Insights",
      "title": "Using Captum Insights with multimodal models (VQA)"
    }
  ]
}
